City_ID,City,Country,Date,Latitude,Longitude,Max Temp,Humidity,Clouds,Wind
0,Alofi,NU,2022-09-16 03:48:09,-19.0595,-169.9187,80.49,69,75,11.5
1,Hermanus,ZA,2022-09-16 03:48:09,-34.4187,19.2345,55.8,91,98,3.65
2,Sakakah,SA,2022-09-16 03:48:10,29.9697,40.2064,78.37,25,0,5.66
3,Lompoc,US,2022-09-16 03:46:27,34.6391,-120.4579,63.01,88,100,13.8
4,Punta Arenas,CL,2022-09-16 03:47:04,-53.15,-70.9167,32.11,69,0,5.75
5,Mahebourg,MU,2022-09-16 03:48:12,-20.4081,57.7,73.26,78,40,11.5
6,Urusha,RU,2022-09-16 03:48:13,54.05,122.9,54.28,51,69,2.13
7,Guerrero Negro,MX,2022-09-16 03:47:45,27.9769,-114.0611,70.05,79,0,17.58
8,Great Yarmouth,GB,2022-09-16 03:48:13,52.6083,1.7305,51.03,73,56,16.28
9,Grand Gaube,MU,2022-09-16 03:48:14,-20.0064,57.6608,73.38,65,1,11.99
10,Rio Gallegos,AR,2022-09-16 03:48:14,-51.6226,-69.2181,33.85,86,0,16.11
11,Atuona,PF,2022-09-16 03:48:14,-9.8,-139.0333,77.14,68,1,19.19
12,Rikitea,PF,2022-09-16 03:48:15,-23.1203,-134.9692,72.09,77,6,14.52
13,Hami,CN,2022-09-16 03:48:16,42.8,93.45,69.84,20,0,13.76
14,Tuktoyaktuk,CA,2022-09-16 03:48:17,69.4541,-133.0374,37.4,100,100,3.44
15,Shimoda,JP,2022-09-16 03:48:18,34.6667,138.95,81.1,63,74,13.58
16,Lebu,CL,2022-09-16 03:48:18,-37.6167,-73.65,54.12,92,100,16.15
17,Ushuaia,AR,2022-09-16 03:48:20,-54.8,-68.3,35.26,75,20,20.71
18,Nome,US,2022-09-16 03:48:20,64.5011,-165.4064,51.87,77,75,4.61
19,Newport,GB,2022-09-16 03:48:20,51.5877,-2.9984,56.82,80,5,8.48
20,Qinggang,CN,2022-09-16 03:48:21,46.6833,126.0833,74.14,49,97,10.13
21,Nishihara,JP,2022-09-16 03:48:22,26.1842,127.7558,87.85,77,75,11.5
22,New Norfolk,AU,2022-09-16 03:48:23,-42.7826,147.0587,53.92,88,100,4.05
23,Salinas,US,2022-09-16 03:48:24,36.6777,-121.6555,65.21,76,0,8.05
24,Busselton,AU,2022-09-16 03:48:25,-33.65,115.3333,63.07,55,50,9.55
25,Hobart,AU,2022-09-16 03:48:26,-42.8794,147.3294,54.27,92,75,1.14
26,Narasaraopet,IN,2022-09-16 03:45:46,16.25,80.0667,84.94,63,100,8.81
27,Mackenzie,CA,2022-09-16 03:45:37,55.2999,-123.1698,57.42,47,0,2.3
28,Camacha,PT,2022-09-16 03:48:27,33.0833,-16.3333,71.02,83,40,13.8
29,Upernavik,GL,2022-09-16 03:48:28,72.7868,-56.1549,38.71,96,100,14.83
30,Chernihiv,UA,2022-09-16 03:48:28,51.0,32.0,55.09,99,99,6.44
31,Bengkulu,ID,2022-09-16 03:48:29,-3.8004,102.2655,83.19,69,80,5.84
32,Port Elizabeth,ZA,2022-09-16 03:47:19,-33.918,25.5701,59.31,99,100,5.75
33,Kruisfontein,ZA,2022-09-16 03:48:32,-34.0033,24.7314,54.41,73,20,4.09
34,Coos Bay,US,2022-09-16 03:48:32,43.3665,-124.2179,58.98,94,0,8.05
35,Salalah,OM,2022-09-16 03:48:33,17.0151,54.0924,78.89,94,75,4.61
36,Hovd,MN,2022-09-16 03:48:34,48.0056,91.6419,50.31,40,51,6.96
37,Cape Town,ZA,2022-09-16 03:44:21,-33.9258,18.4232,57.11,95,100,3.44
38,Kapaa,US,2022-09-16 03:48:36,22.0752,-159.319,81.12,72,75,9.22
39,Albany,US,2022-09-16 03:47:54,42.6001,-73.9662,54.01,79,4,4.88
40,Fairbanks,US,2022-09-16 03:48:22,64.8378,-147.7164,55.4,80,100,3.44
41,Kozulka,UA,2022-09-16 03:48:36,50.0351,23.797,54.64,94,92,8.16
42,Puerto Ayora,EC,2022-09-16 03:44:53,-0.7393,-90.3518,65.55,91,61,5.01
43,Arraial Do Cabo,BR,2022-09-16 03:48:37,-22.9661,-42.0278,65.91,88,100,13.62
44,Saldanha,ZA,2022-09-16 03:48:38,-33.0117,17.9442,57.25,91,47,7.76
45,Palenque,MX,2022-09-16 03:48:39,17.5167,-91.9667,74.19,99,100,0.81
46,Hay River,CA,2022-09-16 03:49:40,60.8156,-115.7999,66.18,48,75,8.05
47,Springfield,US,2022-09-16 03:45:25,37.2153,-93.2982,70.66,81,0,9.22
48,Yellowknife,CA,2022-09-16 03:45:40,62.456,-114.3525,59.56,63,40,13.8
49,Mariental,NA,2022-09-16 03:49:41,-24.6333,17.9667,71.2,21,82,13.51
50,Taltal,CL,2022-09-16 03:49:41,-25.4,-70.4833,54.95,82,20,1.05
51,Saskylakh,RU,2022-09-16 03:49:42,71.9167,114.0833,35.92,74,99,13.78
52,Qaanaaq,GL,2022-09-16 03:49:43,77.484,-69.3632,31.21,94,100,6.96
53,Luang Prabang,LA,2022-09-16 03:49:43,19.8856,102.1347,82.36,78,75,0.0
54,Khatanga,RU,2022-09-16 03:49:44,71.9667,102.5,31.68,98,100,17.0
55,Chokurdakh,RU,2022-09-16 03:49:45,70.6333,147.9167,37.02,91,100,6.46
56,Nikolskoye,RU,2022-09-16 03:49:46,59.7035,30.7861,51.69,84,98,7.96
57,Barrow,US,2022-09-16 03:49:46,71.2906,-156.7887,35.62,87,100,23.02
58,Berlevag,NO,2022-09-16 03:49:47,70.8578,29.0864,46.4,87,100,20.71
59,Vila Franca Do Campo,PT,2022-09-16 03:49:47,37.7167,-25.4333,76.19,92,92,12.21
60,Vaini,TO,2022-09-16 03:49:48,-21.2,-175.2,78.96,83,100,9.22
61,Bougouni,ML,2022-09-16 03:49:48,11.417,-7.479,71.71,96,98,4.7
62,Rawson,AR,2022-09-16 03:49:49,-43.3002,-65.1023,64.31,36,100,12.73
63,Vestmanna,FO,2022-09-16 03:49:49,62.1564,-7.1664,43.72,87,100,13.8
64,Namibe,AO,2022-09-16 03:49:50,-15.1961,12.1522,66.78,89,85,6.87
65,Batemans Bay,AU,2022-09-16 03:49:50,-35.7167,150.1833,72.12,33,14,10.89
66,Saint Augustine,US,2022-09-16 03:49:52,29.8947,-81.3145,81.05,79,95,9.28
67,Torbay,CA,2022-09-16 03:49:53,47.6666,-52.7314,57.38,91,0,12.66
68,San Roque,ES,2022-09-16 03:49:53,36.2107,-5.3842,67.03,83,9,12.66
69,Kodiak,US,2022-09-16 03:49:54,57.79,-152.4072,54.91,88,75,0.0
70,Pisco,PE,2022-09-16 03:49:55,-13.7,-76.2167,59.05,82,100,4.61
71,Iralaya,HN,2022-09-16 03:49:56,15.0,-83.2333,79.95,84,78,9.17
72,Birao,CF,2022-09-16 03:49:56,10.2849,22.7882,71.19,95,100,2.66
73,Kieta,PG,2022-09-16 03:49:57,-6.2167,155.6333,84.29,68,60,5.01
74,Mar Del Plata,AR,2022-09-16 03:49:58,-38.0023,-57.5575,51.1,93,20,27.0
75,Turayf,SA,2022-09-16 03:49:58,31.6725,38.6637,68.25,37,0,6.91
76,Sharjah,AE,2022-09-16 03:47:29,25.3573,55.4033,88.09,66,3,9.22
77,Margate,GB,2022-09-16 03:49:59,51.3813,1.3862,56.88,70,88,4.0
78,Bluff,NZ,2022-09-16 03:45:42,-46.6,168.3333,46.8,57,46,10.27
79,Laguna,US,2022-09-16 03:49:59,38.421,-121.4238,71.58,63,0,10.36
80,Tasiilaq,GL,2022-09-16 03:50:00,65.6145,-37.6368,39.36,86,65,4.07
81,Mataura,NZ,2022-09-16 03:50:01,-46.1927,168.8643,46.47,48,78,4.5
82,Beringovskiy,RU,2022-09-16 03:50:01,63.05,179.3167,44.26,91,100,17.05
83,Blairmore,CA,2022-09-16 03:45:37,49.6,-114.4353,55.53,81,91,5.95
84,Kondinskoye,RU,2022-09-16 03:50:02,59.6481,67.41,52.16,63,90,7.94
85,Hithadhoo,MV,2022-09-16 03:50:04,-0.6,73.0833,80.83,66,0,1.59
86,Tommot,RU,2022-09-16 03:50:04,58.9564,126.2925,51.1,51,22,4.76
87,Leningradskiy,RU,2022-09-16 03:50:06,69.3833,178.4167,35.26,92,99,6.22
88,Bandarbeyla,SO,2022-09-16 03:50:06,9.4942,50.8122,80.76,63,15,24.07
89,East London,ZA,2022-09-16 03:50:08,-33.0153,27.9116,58.14,72,0,5.75
90,Dikson,RU,2022-09-16 03:50:09,73.5069,80.5464,37.31,65,100,13.22
91,Makakilo City,US,2022-09-16 03:50:09,21.3469,-158.0858,82.72,63,100,9.22
92,Carnarvon,AU,2022-09-16 03:50:10,-24.8667,113.6333,70.02,48,0,19.17
93,Borskoye,RU,2022-09-16 03:51:10,53.0333,51.7167,55.85,67,95,5.44
94,Thompson,CA,2022-09-16 03:51:11,55.7435,-97.8558,46.56,100,20,2.3
95,Narsaq,GL,2022-09-16 03:51:11,60.9167,-46.05,51.76,75,100,9.71
96,San Patricio,US,2022-09-16 03:51:11,28.017,-97.5169,82.89,70,2,8.41
97,Olafsvik,IS,2022-09-16 03:51:12,64.8945,-23.7142,47.25,74,99,10.33
98,Sao Joao Da Barra,BR,2022-09-16 03:51:13,-21.6403,-41.0511,67.84,88,85,8.03
99,Waddan,LY,2022-09-16 03:51:13,29.1614,16.139,72.93,46,0,8.16
100,Bilma,NE,2022-09-16 03:51:15,18.6853,12.9164,91.17,18,92,4.94
101,Chuy,UY,2022-09-16 03:51:16,-33.6971,-53.4616,52.68,94,0,5.97
102,Victoria,HK,2022-09-16 03:50:04,22.2855,114.1577,95.97,59,2,5.01
103,Banda Aceh,ID,2022-09-16 03:51:19,5.5577,95.3222,84.51,68,100,8.39
104,Yar-Sale,RU,2022-09-16 03:51:19,66.8333,70.8333,44.98,81,100,9.4
105,Saint-Joseph,RE,2022-09-16 03:51:20,-21.3667,55.6167,68.38,79,37,15.41
106,Vila Velha,BR,2022-09-16 03:51:20,-20.3297,-40.2925,73.35,92,75,6.91
107,Cherskiy,RU,2022-09-16 03:51:21,68.75,161.3,39.79,69,79,8.5
108,Bredasdorp,ZA,2022-09-16 03:51:22,-34.5322,20.0403,51.76,92,73,3.24
109,Isangel,VU,2022-09-16 03:51:23,-19.55,169.2667,82.51,65,40,11.5
110,Nhamunda,BR,2022-09-16 03:51:24,-2.1861,-56.7131,78.39,51,27,1.81
111,Krasnosilka,UA,2022-09-16 03:51:25,46.6226,30.7742,68.49,70,85,7.25
112,Cap Malheureux,MU,2022-09-16 03:51:26,-19.9842,57.6142,73.47,65,1,11.01
113,Kutum,SD,2022-09-16 03:51:27,14.2,24.6667,74.08,68,71,5.59
114,Iquitos,PE,2022-09-16 03:51:28,-3.7481,-73.2472,75.24,88,75,5.75
115,Pimentel,PE,2022-09-16 03:51:29,-6.8367,-79.9342,62.65,88,68,10.04
116,Ponta Do Sol,PT,2022-09-16 03:51:29,32.6667,-17.1,77.63,87,24,3.74
117,Wucheng,CN,2022-09-16 03:51:29,29.6008,118.175,86.85,52,93,2.04
118,Itoman,JP,2022-09-16 03:51:31,26.1247,127.6694,88.57,76,75,11.5
119,Gusinoye Ozero,RU,2022-09-16 03:51:31,51.1144,106.2614,46.24,87,100,13.24
120,Codrington,AU,2022-09-16 03:51:32,-38.2667,141.9667,55.38,81,90,16.02
121,Holme,DK,2022-09-16 03:51:33,56.1138,10.1725,51.37,87,86,17.11
122,Lichinga,MZ,2022-09-16 03:51:34,-13.3128,35.2406,59.11,70,95,10.54
123,Port-Gentil,GA,2022-09-16 03:51:36,-0.7193,8.7815,75.76,85,100,16.02
124,Thinadhoo,MV,2022-09-16 03:51:37,0.5333,72.9333,80.8,69,3,0.13
125,Bembereke,BJ,2022-09-16 03:51:37,10.2283,2.6634,68.25,99,100,3.71
126,Najran,SA,2022-09-16 03:51:38,17.4924,44.1277,70.45,16,6,4.27
127,Hamilton,US,2022-09-16 03:49:42,39.1834,-84.5333,68.88,89,0,0.0
128,Port Alfred,ZA,2022-09-16 03:51:39,-33.5906,26.891,61.43,83,62,1.12
129,Butaritari,KI,2022-09-16 03:51:39,3.0707,172.7902,82.15,69,19,15.7
130,Lata,PT,2022-09-16 03:51:40,40.1629,-8.3327,63.07,95,0,2.21
131,Vitim,RU,2022-09-16 03:51:42,59.4511,112.5578,52.52,55,33,4.34
132,Ucluelet,CA,2022-09-16 03:51:44,48.9329,-125.5528,58.08,87,95,7.52
133,Xuddur,SO,2022-09-16 03:51:44,4.1213,43.8894,70.88,78,85,18.1
134,Castro,BR,2022-09-16 03:51:44,-24.7911,-50.0119,51.08,96,100,5.21
135,Saurimo,AO,2022-09-16 03:51:45,-9.6608,20.3916,66.04,71,97,2.15
136,Dauphin,CA,2022-09-16 03:52:47,51.1494,-100.0502,50.14,87,0,8.05
137,Sola,VU,2022-09-16 03:52:48,-13.8833,167.55,84.87,74,75,3.44
138,Broome,US,2022-09-16 03:52:48,42.2506,-75.833,50.02,82,43,1.39
139,Tautira,PF,2022-09-16 03:52:50,-17.7333,-149.15,75.49,70,85,21.85
140,Souillac,MU,2022-09-16 03:52:51,-20.5167,57.5167,70.18,78,40,11.5
141,Saint-Georges,GD,2022-09-16 03:48:50,12.0564,-61.7485,80.28,83,20,0.0
142,Bethel,US,2022-09-16 03:52:53,41.3712,-73.414,57.49,79,0,0.0
143,Zhangjiakou,CN,2022-09-16 03:52:55,40.81,114.8794,78.75,36,16,6.42
144,Ancud,CL,2022-09-16 03:52:56,-41.8697,-73.8203,41.23,91,100,2.98
145,Ribeira Grande,PT,2022-09-16 03:52:56,38.5167,-28.7,73.8,94,40,8.05
146,Amarante Do Maranhao,BR,2022-09-16 03:52:57,-5.5667,-46.7422,74.19,73,70,3.87
147,Hilo,US,2022-09-16 03:52:57,19.7297,-155.09,84.27,80,100,8.05
148,Rio Novo Do Sul,BR,2022-09-16 03:52:58,-20.8625,-40.9364,67.64,94,99,3.91
149,Avarua,CK,2022-09-16 03:52:45,-21.2078,-159.775,77.05,65,20,18.41
150,Nelson Bay,AU,2022-09-16 03:52:59,-32.7167,152.15,75.09,52,0,10.0
151,Aberdeen,GB,2022-09-16 03:53:00,57.1437,-2.0981,47.5,85,20,17.27
152,Mindelo,CV,2022-09-16 03:53:01,16.8901,-24.9804,78.35,83,40,12.66
153,Zeya,RU,2022-09-16 03:53:01,53.75,127.2667,51.39,62,97,4.76
154,Kodino,RU,2022-09-16 03:53:02,63.7198,39.6447,49.19,98,100,5.14
155,Bara,NG,2022-09-16 03:53:03,10.3744,10.7288,73.69,90,100,12.64
156,Saint-Philippe,RE,2022-09-16 03:53:05,-21.3585,55.7679,69.39,85,61,15.26
157,Bambous Virieux,MU,2022-09-16 03:53:06,-20.3428,57.7575,73.22,78,40,11.5
158,Hirara,JP,2022-09-16 03:53:06,24.8,125.2833,82.26,94,75,17.27
159,Vondrozo,MG,2022-09-16 03:53:06,-22.8167,47.2833,61.61,84,54,0.69
160,Katsuura,JP,2022-09-16 03:53:07,35.1333,140.3,79.9,58,65,10.65
161,Verkhnevilyuysk,RU,2022-09-16 03:53:07,63.4453,120.3167,50.29,55,17,10.8
162,Nantucket,US,2022-09-16 03:51:11,41.2835,-70.0995,63.0,52,0,16.35
163,Georgetown,MY,2022-09-16 03:50:08,5.4112,100.3354,85.98,79,20,5.75
164,Mount Gambier,AU,2022-09-16 03:53:10,-37.8333,140.7667,57.11,62,75,17.27
165,Cabrero,CL,2022-09-16 03:53:11,-37.0333,-72.4,49.14,97,100,4.05
166,Verkhnyaya Inta,RU,2022-09-16 03:53:12,65.9811,60.3094,52.34,77,100,9.06
167,Lavrentiya,RU,2022-09-16 03:53:14,65.5833,-171.0,46.17,86,100,11.1
168,Brae,GB,2022-09-16 03:53:14,60.3964,-1.353,49.33,69,98,27.69
169,U Thong,TH,2022-09-16 03:53:16,14.3751,99.8923,87.55,61,85,9.1
170,Vila,PT,2022-09-16 03:53:16,42.0304,-8.1588,53.71,94,1,2.3
171,Luganville,VU,2022-09-16 03:53:17,-15.5333,167.1667,81.16,76,55,9.31
172,Lasa,IT,2022-09-16 03:53:18,46.6166,10.7002,63.48,92,60,4.56
173,Praia Da Vitoria,PT,2022-09-16 03:53:18,38.7333,-27.0667,73.76,94,20,8.03
174,Nemuro,JP,2022-09-16 03:53:19,43.3236,145.575,63.21,69,100,7.78
175,Turinsk,RU,2022-09-16 03:53:19,58.0458,63.696,54.19,50,100,10.71
176,Mitchell,US,2022-09-16 03:51:15,43.7094,-98.0298,66.18,94,75,8.05
177,Port Lincoln,AU,2022-09-16 03:53:20,-34.7333,135.8667,56.34,59,14,27.34
178,Saint George,US,2022-09-16 03:51:01,37.1041,-113.5841,80.64,53,0,5.01
179,Lagos,NG,2022-09-16 03:48:57,6.5833,3.75,74.34,92,96,4.32
180,Honningsvag,NO,2022-09-16 03:53:23,70.9821,25.9704,46.15,87,100,18.41
181,Ahipara,NZ,2022-09-16 03:54:25,-35.1667,173.1667,56.79,69,60,10.09
182,Baruun-Urt,MN,2022-09-16 03:54:26,46.6806,113.2792,79.65,22,16,6.85
183,Jimenez,MX,2022-09-16 03:54:26,28.3333,-105.4,81.59,35,64,6.96
184,Severo-Kurilsk,RU,2022-09-16 03:53:58,50.6789,156.125,52.56,82,29,18.66
185,Samana,DO,2022-09-16 03:54:27,19.2056,-69.3369,80.8,80,61,8.55
186,Havre-Saint-Pierre,CA,2022-09-16 03:54:27,50.2334,-63.5986,52.16,100,100,0.0
187,Kahului,US,2022-09-16 03:54:27,20.8947,-156.47,81.84,81,50,4.0
188,Yerofey Pavlovich,RU,2022-09-16 03:54:28,53.9667,121.9667,52.65,55,85,4.18
189,Usinsk,RU,2022-09-16 03:54:28,65.9939,57.5281,50.63,83,100,8.52
190,Yermakovskoye,RU,2022-09-16 03:54:29,53.2831,92.4003,46.53,80,99,5.37
191,Kawalu,ID,2022-09-16 03:54:29,-7.3817,108.2082,79.02,79,99,6.02
192,Progreso,MX,2022-09-16 03:54:30,21.2833,-89.6667,76.1,89,59,8.57
193,Tyukhtet,RU,2022-09-16 03:54:32,56.5389,89.3011,49.84,58,96,3.69
194,Geraldton,AU,2022-09-16 03:54:33,-28.7667,114.6,66.61,63,100,10.36
195,Zyryanka,RU,2022-09-16 03:54:33,65.75,150.85,44.44,48,100,11.95
196,Sampit,ID,2022-09-16 03:54:34,-2.5333,112.95,88.0,57,97,4.12
197,Longyearbyen,SJ,2022-09-16 03:49:42,78.2186,15.6401,30.04,93,75,9.22
198,Tiksi,RU,2022-09-16 03:54:35,71.6872,128.8694,39.24,62,97,18.39
199,Lorengau,PG,2022-09-16 03:54:36,-2.0226,147.2712,84.58,63,73,11.01
200,Camana,PE,2022-09-16 03:54:37,-16.6228,-72.7111,60.15,85,5,7.18
201,Balkanabat,TM,2022-09-16 03:54:37,39.5108,54.3671,74.61,47,1,9.19
202,San Quintin,MX,2022-09-16 03:54:38,30.4833,-115.95,67.87,82,3,16.02
203,Mayo,US,2022-09-16 03:51:35,38.8876,-76.5119,66.18,87,0,3.44
204,Southbridge,US,2022-09-16 03:54:38,42.0751,-72.0334,52.21,89,0,3.94
205,Sao Geraldo Do Araguaia,BR,2022-09-16 03:54:39,-6.4006,-48.555,85.03,34,98,6.29
206,Ostrovnoy,RU,2022-09-16 03:54:39,68.0531,39.5131,46.92,98,100,8.7
207,Ketchikan,US,2022-09-16 03:54:40,55.3422,-131.6461,51.94,84,95,0.43
208,Tabatinga,BR,2022-09-16 03:54:42,-4.2525,-69.9381,75.29,94,75,2.3
209,Kaitangata,NZ,2022-09-16 03:54:43,-46.2817,169.8464,50.36,52,83,3.58
210,Port Hardy,CA,2022-09-16 03:54:44,50.6996,-127.4199,53.78,100,75,0.0
211,Marsa Matruh,EG,2022-09-16 03:54:44,31.3525,27.2453,68.2,68,0,3.44
212,Beisfjord,NO,2022-09-16 03:54:45,68.3751,17.5988,50.05,90,100,6.71
213,Altus,US,2022-09-16 03:54:47,34.6381,-99.334,78.87,44,0,17.27
214,Pasighat,IN,2022-09-16 03:54:48,28.0667,95.3333,77.9,96,97,2.82
215,Flinders,AU,2022-09-16 03:54:48,-34.5833,150.8552,74.37,41,6,14.0
216,Kavieng,PG,2022-09-16 03:54:49,-2.5744,150.7967,83.73,66,88,14.65
217,Constitucion,CL,2022-09-16 03:54:25,-35.3333,-72.4167,52.95,90,100,2.95
218,Motihari,IN,2022-09-16 03:54:49,26.65,84.9167,77.72,91,100,6.35
219,Ugoofaaru,MV,2022-09-16 03:54:50,5.6667,73.0,80.98,69,13,4.36
220,Miyako,JP,2022-09-16 03:54:50,39.6367,141.9525,74.46,72,100,14.36
221,Veraval,IN,2022-09-16 03:54:51,20.9,70.3667,82.15,83,50,16.58
222,Vestmannaeyjar,IS,2022-09-16 03:54:52,63.4427,-20.2734,49.28,72,66,5.35
223,Campbell River,CA,2022-09-16 03:54:52,50.0163,-125.2446,61.45,94,75,3.44
224,Husavik,IS,2022-09-16 03:55:54,66.0449,-17.3389,44.73,66,100,7.76
225,Srednekolymsk,RU,2022-09-16 03:55:55,67.45,153.6833,41.97,56,100,7.52
226,Los Llanos De Aridane,ES,2022-09-16 03:55:55,28.6585,-17.9182,74.95,87,20,21.85
227,Hervey Bay,AU,2022-09-16 03:55:56,-25.2986,152.8535,69.94,74,13,20.15
228,Hasaki,JP,2022-09-16 03:55:58,35.7333,140.8333,84.6,65,97,8.81
229,Tukrah,LY,2022-09-16 03:55:58,32.5341,20.5791,72.25,56,0,2.39
230,Flin Flon,CA,2022-09-16 03:55:59,54.7682,-101.865,50.9,71,17,5.35
231,Dicabisagan,PH,2022-09-16 03:56:00,17.0818,122.4157,85.62,72,98,4.23
232,Labuhan,ID,2022-09-16 03:56:01,-6.8844,112.2051,88.03,54,100,3.53
233,Adrar,MR,2022-09-16 03:56:01,20.5022,-10.0711,85.69,22,2,11.36
234,Conde,BR,2022-09-16 03:56:02,-7.2597,-34.9075,72.86,88,20,5.75
235,Imbituba,BR,2022-09-16 03:56:02,-28.24,-48.6703,58.12,90,65,3.42
236,Jalu,LY,2022-09-16 03:56:03,29.0331,21.5482,73.71,45,0,5.7
237,Aldan,RU,2022-09-16 03:56:04,58.6031,125.3894,45.63,54,64,4.97
238,Zima,RU,2022-09-16 03:56:04,53.9202,102.0442,51.96,50,100,7.52
239,Kharp,RU,2022-09-16 03:56:05,66.8014,65.8081,47.44,85,100,2.37
240,Sobolevo,RU,2022-09-16 03:56:06,54.4299,31.8996,52.77,98,100,7.74
241,Gravdal,NO,2022-09-16 03:56:06,68.1214,13.5031,50.9,75,100,6.38
242,Faya,SA,2022-09-16 03:56:07,18.3851,42.4509,60.91,25,23,2.95
243,Shiroishi,JP,2022-09-16 03:56:07,38.0033,140.6183,86.27,64,100,6.85
244,Hofn,IS,2022-09-16 03:56:08,64.2539,-15.2082,46.17,58,100,2.21
245,Russkiy Aktash,RU,2022-09-16 03:56:09,55.0384,52.1214,51.33,90,100,3.11
246,High Level,CA,2022-09-16 03:55:09,58.5169,-117.136,53.71,82,20,2.3
247,Palmer,US,2022-09-16 03:56:10,42.1584,-72.3287,52.95,89,1,2.62
248,Praya,CV,2022-09-16 03:56:11,14.9215,-23.5087,79.34,83,75,10.36
249,Vardo,NO,2022-09-16 03:56:12,70.3705,31.1107,48.18,87,100,25.32
250,Inhambane,MZ,2022-09-16 03:56:13,-23.865,35.3833,58.98,100,20,0.0
251,Bonavista,CA,2022-09-16 03:56:15,48.6499,-53.1147,57.63,82,15,15.48
252,Aksarka,RU,2022-09-16 03:56:16,66.5606,67.7975,49.89,82,100,6.46
253,Hilchenbach,DE,2022-09-16 03:56:16,50.9833,8.1,50.14,89,100,4.59
254,Alyangula,AU,2022-09-16 03:56:17,-13.8483,136.4192,83.62,70,1,13.62
255,Churachandpur,IN,2022-09-16 03:56:17,24.3333,93.6667,76.39,71,98,1.36
256,Loreto,MX,2022-09-16 03:55:28,22.2667,-101.9667,59.85,85,8,18.54
257,Sitka,US,2022-09-16 03:54:44,57.0531,-135.33,51.01,88,34,3.58
258,Chongwe,ZM,2022-09-16 03:56:19,-15.3292,28.682,59.61,66,1,6.46
259,Canatlan,MX,2022-09-16 03:56:19,24.5167,-104.7833,61.25,68,46,1.81
260,Manzhouli,CN,2022-09-16 03:56:20,49.6,117.4333,68.49,46,90,14.23
261,Carauari,BR,2022-09-16 03:56:20,-4.8828,-66.8958,72.1,99,93,2.95
262,Touros,BR,2022-09-16 03:56:22,-5.1989,-35.4608,76.17,79,12,12.53
263,Umm Lajj,SA,2022-09-16 03:56:24,25.0213,37.2685,82.87,55,0,13.47
264,Buta,CD,2022-09-16 03:56:25,2.7858,24.73,67.5,99,59,1.99
265,Oktyabrskiy,RU,2022-09-16 03:56:25,54.4815,53.471,55.71,69,99,5.93
266,Airai,TL,2022-09-16 03:56:26,-8.9266,125.4092,79.0,32,100,3.87
267,Putyatino,RU,2022-09-16 03:57:27,54.16,41.1169,47.82,93,13,5.32
268,Kungurtug,RU,2022-09-16 03:57:28,50.5994,97.5228,39.72,99,100,1.81
269,Phalaborwa,ZA,2022-09-16 03:57:28,-23.943,31.1411,65.48,47,0,3.42
270,Vostok,RU,2022-09-16 03:57:29,46.4856,135.8833,65.26,54,100,3.31
271,Jamestown,US,2022-09-16 03:55:34,42.097,-79.2353,55.04,74,0,1.01
272,Grajau,BR,2022-09-16 03:57:29,-5.8194,-46.1386,78.84,62,93,4.25
273,Shakawe,BW,2022-09-16 03:57:30,-18.3667,21.85,58.15,42,0,5.37
274,Cockburn Town,TC,2022-09-16 03:57:30,21.4612,-71.1419,83.79,78,25,19.48
275,Sechura,PE,2022-09-16 03:57:31,-5.5569,-80.8222,63.79,84,8,7.43
276,Hualmay,PE,2022-09-16 03:57:32,-11.0964,-77.6139,61.14,85,45,6.93
277,San Matias,BO,2022-09-16 03:57:34,-16.3667,-58.4,68.14,56,99,4.07
278,Namatanai,PG,2022-09-16 03:57:34,-3.6667,152.4333,83.95,68,92,12.17
279,Asau,RO,2022-09-16 03:57:35,46.4333,26.4,69.28,79,89,8.72
280,Simao,CN,2022-09-16 03:57:36,22.7886,100.9748,69.57,95,99,1.41
281,Richards Bay,ZA,2022-09-16 03:57:36,-28.783,32.0377,64.36,85,4,2.39
282,Yulara,AU,2022-09-16 03:56:34,-25.2406,130.9889,76.19,14,4,9.1
283,Nanortalik,GL,2022-09-16 03:57:38,60.1432,-45.2371,48.54,81,100,12.46
284,Hambantota,LK,2022-09-16 03:57:39,6.1241,81.1185,84.54,74,20,9.22
285,Iskateley,RU,2022-09-16 03:57:39,67.6803,53.1512,48.25,95,100,11.12
286,Rockland,US,2022-09-16 03:57:40,41.1668,-74.0496,62.46,81,0,2.68
287,Muswellbrook,AU,2022-09-16 03:57:41,-32.2667,150.9,71.24,44,1,12.53
288,Monticello,US,2022-09-16 03:57:41,45.3055,-93.7941,75.94,84,100,5.75
289,Boundiali,CI,2022-09-16 03:57:42,9.5217,-6.4869,70.5,96,100,5.68
290,Provideniya,RU,2022-09-16 03:57:42,64.3833,-173.3,51.91,82,100,11.18
291,Saint-Francois,FR,2022-09-16 03:57:42,46.4154,3.9054,53.67,100,100,3.44
292,Cabo San Lucas,MX,2022-09-16 03:57:36,22.8909,-109.9124,84.51,76,2,1.01
293,Te Anau,NZ,2022-09-16 03:57:45,-45.4167,167.7167,49.37,58,47,1.34
294,Kirakira,SB,2022-09-16 03:57:46,-10.4544,161.9205,83.26,74,19,5.99
295,College,US,2022-09-16 03:57:47,64.8569,-147.8028,54.59,83,100,1.01
296,Apac,UG,2022-09-16 03:57:47,1.9756,32.5386,63.37,96,69,2.64
297,Nabire,ID,2022-09-16 03:57:48,-3.3667,135.4833,85.26,66,30,4.47
298,Nuuk,GL,2022-09-16 03:57:49,64.1835,-51.7216,45.88,93,100,9.78
299,Lagoa,PT,2022-09-16 03:57:49,39.05,-27.9833,72.75,90,30,17.69
300,Tamale,GH,2022-09-16 03:57:51,9.4008,-0.8393,73.18,90,100,2.98
301,Kotelnich,RU,2022-09-16 03:57:52,58.3089,48.348,49.51,97,99,3.85
302,Requena,ES,2022-09-16 03:57:53,39.4883,-1.1004,63.52,65,24,4.29
303,Takaka,NZ,2022-09-16 03:57:53,-40.85,172.8,53.4,62,53,4.68
304,Vao,NC,2022-09-16 03:57:54,-22.6667,167.4833,69.42,63,20,11.34
305,Meulaboh,ID,2022-09-16 03:57:54,4.1363,96.1285,84.42,67,29,4.7
306,Carballo,ES,2022-09-16 03:57:55,43.213,-8.691,65.62,91,92,5.82
307,Bartica,GY,2022-09-16 03:57:55,6.4,-58.6167,77.32,98,69,2.04
308,Templin,DE,2022-09-16 03:57:56,53.1186,13.5022,51.19,90,15,10.45
309,Khangarh,PK,2022-09-16 03:57:57,29.9173,71.1618,84.27,39,0,7.0
310,Hereford,GB,2022-09-16 03:57:57,52.0568,-2.7148,52.61,89,8,5.57
311,Maraba,BR,2022-09-16 03:57:57,-5.3686,-49.1178,80.78,83,0,3.44
312,Sao Jose Da Coroa Grande,BR,2022-09-16 03:57:58,-8.8978,-35.1478,72.36,75,25,5.21
313,Bemidji,US,2022-09-16 03:56:53,47.4736,-94.8803,67.91,99,0,0.0
314,Muscat,OM,2022-09-16 03:56:26,23.6139,58.5922,93.67,42,5,2.24
315,Manzanillo,CU,2022-09-16 03:57:59,20.3433,-77.1167,78.35,79,48,5.79
316,Dingle,PH,2022-09-16 03:59:00,10.9995,122.6711,77.95,89,100,16.08
317,Petropavlovsk-Kamchatskiy,RU,2022-09-16 03:59:00,53.0452,158.6483,54.19,62,75,4.47
318,Caravelas,BR,2022-09-16 03:59:01,-17.7125,-39.2481,71.31,90,8,4.07
319,Krasnomayskiy,RU,2022-09-16 03:59:02,57.6194,34.4099,51.58,95,100,7.0
320,Sao Filipe,CV,2022-09-16 03:59:02,14.8961,-24.4956,78.1,85,57,10.11
321,Abong Mbang,CM,2022-09-16 03:59:03,3.9833,13.1833,67.42,99,100,4.45
322,Cidreira,BR,2022-09-16 03:59:04,-30.1811,-50.2056,60.46,84,1,10.51
323,Jimani,DO,2022-09-16 03:59:05,18.4917,-71.8502,78.37,85,98,0.92
324,Jackson,US,2022-09-16 03:58:52,42.4165,-122.8345,67.15,65,4,3.02
325,Pangnirtung,CA,2022-09-16 03:59:06,66.1451,-65.7125,37.4,93,20,4.61
326,Sarangani,PH,2022-09-16 03:59:07,5.4033,125.4636,84.56,70,91,18.72
327,Chegdomyn,RU,2022-09-16 03:59:08,51.1167,133.0167,52.23,80,100,2.24
328,Jumla,NP,2022-09-16 03:59:09,29.2747,82.1838,60.08,94,100,0.96
329,Maragogi,BR,2022-09-16 03:59:10,-9.0122,-35.2225,72.01,75,33,4.81
330,Oeiras Do Para,BR,2022-09-16 03:59:11,-2.0031,-49.8544,73.92,93,69,3.36
331,Viedma,AR,2022-09-16 03:55:52,-40.8135,-62.9967,68.77,22,100,28.1
332,Kishanpur,IN,2022-09-16 03:59:14,25.65,81.0167,78.85,88,100,9.04
333,Kurilsk,RU,2022-09-16 03:59:15,45.2333,147.8833,59.65,61,91,4.07
334,Muroto,JP,2022-09-16 03:59:16,33.2833,134.15,80.92,70,76,21.88
335,Klerksdorp,ZA,2022-09-16 03:59:17,-26.8521,26.6667,55.94,49,1,3.67
336,Macapa,BR,2022-09-16 03:58:41,0.0389,-51.0664,82.38,83,20,4.61
337,Acapulco,MX,2022-09-16 03:59:18,16.8634,-99.8901,77.5,90,100,6.04
338,Arlit,NE,2022-09-16 03:59:19,18.7369,7.3853,93.15,16,71,8.84
339,Tianpeng,CN,2022-09-16 03:59:19,30.9866,103.9393,74.71,88,100,3.83
340,Jiangyou,CN,2022-09-16 03:59:20,31.7667,104.7167,67.53,96,100,2.55
341,Kisangani,CD,2022-09-16 03:59:21,0.5167,25.2,68.27,98,20,0.74
342,Irricana,CA,2022-09-16 03:59:21,51.3237,-113.6048,63.45,41,20,2.77
343,Natchez,US,2022-09-16 03:59:22,31.5604,-91.4032,66.25,78,1,4.12
344,Chernyshevskiy,RU,2022-09-16 03:59:22,63.0128,112.4714,46.11,71,51,13.0
345,Cairns,AU,2022-09-16 03:59:25,-16.9167,145.7667,93.07,63,1,6.91
346,Soyo,AO,2022-09-16 03:59:27,-6.1349,12.3689,74.35,85,93,5.84
347,Novyy Urengoy,RU,2022-09-16 03:59:29,66.0833,76.6333,47.53,80,100,1.23
348,Chernyy Yar,RU,2022-09-16 03:59:29,48.0624,46.1091,63.1,81,100,11.92
349,Madang,PG,2022-09-16 03:59:30,-5.2246,145.7966,81.3,83,78,10.69
350,Roald,NO,2022-09-16 03:59:31,62.5833,6.1333,55.17,87,100,19.57
351,Kamsack,CA,2022-09-16 03:59:32,51.5667,-101.9009,49.73,82,26,7.34
352,Mamallapuram,IN,2022-09-16 03:59:32,12.6264,80.1722,89.65,65,100,9.48
353,Cayenne,GF,2022-09-16 03:57:05,4.9333,-52.3333,78.84,89,20,1.14
354,Visby,SE,2022-09-16 03:59:33,57.6409,18.296,55.62,76,75,14.97
355,Povolzhskiy,RU,2022-09-16 03:59:33,53.5854,49.7629,51.42,91,85,5.01
356,Marawi,PH,2022-09-16 03:59:34,7.9986,124.2928,72.93,87,100,5.03
357,Parauna,BR,2022-09-16 03:59:34,-16.9478,-50.4486,73.35,56,76,12.3
358,Clyde River,CA,2022-09-16 03:55:21,70.4692,-68.5914,34.03,100,100,5.75
359,Mungaa,TZ,2022-09-16 03:59:36,-4.9667,34.8833,55.49,85,10,10.96
360,Yenagoa,NG,2022-09-16 03:59:38,4.9247,6.2642,73.51,96,100,3.29
361,Bubaque,GW,2022-09-16 04:00:39,11.2833,-15.8333,80.46,84,23,12.64
362,Santa Isabel Do Rio Negro,BR,2022-09-16 04:00:39,-0.4139,-65.0192,73.08,96,44,0.27
363,Barra Patuca,HN,2022-09-16 04:00:40,15.8,-84.2833,79.21,87,99,8.72
364,Galle,LK,2022-09-16 03:58:04,6.0367,80.217,82.76,74,19,12.19
365,Mandalgovi,MN,2022-09-16 04:00:40,45.7625,106.2708,68.59,16,90,30.02
366,Alassio,IT,2022-09-16 04:00:41,44.0039,8.1671,73.13,84,4,5.01
367,Bairiki,KI,2022-09-16 04:00:41,1.3292,172.9752,82.24,68,97,14.63
368,Kununurra,AU,2022-09-16 04:00:42,-15.7667,128.7333,98.58,15,0,5.75
369,Goundam,ML,2022-09-16 04:00:43,16.4145,-3.6708,92.05,28,94,4.85
370,Iquique,CL,2022-09-16 04:00:43,-20.2208,-70.1431,57.76,71,28,2.26
371,Esperance,AU,2022-09-16 04:00:44,-33.8667,121.9,58.84,66,96,24.63
372,Ginda,IN,2022-09-16 04:00:44,30.6945,78.4932,72.64,65,42,3.24
373,Bandar-E Lengeh,IR,2022-09-16 04:00:44,26.5579,54.8807,89.78,67,1,6.58
374,Suamico,US,2022-09-16 04:00:45,44.6319,-88.0393,68.77,89,98,8.79
375,Novikovo,RU,2022-09-16 04:00:45,51.1537,37.8879,57.07,98,100,6.76
376,Korla,CN,2022-09-16 04:00:47,41.7597,86.1469,73.74,16,0,6.58
377,Pinega,RU,2022-09-16 04:00:47,64.7001,43.3936,48.58,99,100,4.32
378,Vanavara,RU,2022-09-16 04:00:47,60.34,102.2797,50.11,60,16,7.16
379,Graaff-Reinet,ZA,2022-09-16 04:00:48,-32.2522,24.5308,62.62,26,0,5.99
380,San Cristobal,VE,2022-09-16 04:00:49,7.7669,-72.225,66.65,86,64,1.59
381,Punta Alta,AR,2022-09-16 04:00:21,-38.8759,-62.0736,62.92,34,92,24.81
382,Talnakh,RU,2022-09-16 04:00:50,69.4865,88.3972,34.21,93,100,13.69
383,Shelburne,CA,2022-09-16 04:00:50,44.0787,-80.2041,54.59,75,59,7.05
384,Nevelsk,RU,2022-09-16 04:00:51,46.6733,141.8633,64.51,56,91,0.29
385,Yumen,CN,2022-09-16 04:00:51,40.2833,97.2,65.61,24,0,15.37
386,Concordia,AR,2022-09-16 04:00:03,-31.393,-58.0209,53.78,92,0,5.01
387,Ahuimanu,US,2022-09-16 04:00:52,21.4447,-157.8378,83.75,74,62,3.0
388,Mahajanga,MG,2022-09-16 04:00:53,-15.7167,46.3167,71.62,56,20,4.61
389,Teya,RU,2022-09-16 04:00:53,60.3778,92.6267,47.71,79,100,5.61
390,Mingshui,CN,2022-09-16 04:00:55,36.7167,117.5,74.97,67,79,9.35
391,Purificacion,CO,2022-09-16 04:00:56,3.8587,-74.9313,78.3,64,74,3.09
392,Manta,EC,2022-09-16 04:00:57,-0.95,-80.7333,69.75,84,96,9.57
393,Klaksvik,FO,2022-09-16 04:00:58,62.2266,-6.589,45.52,75,94,23.58
394,Buala,SB,2022-09-16 04:00:58,-8.145,159.5921,85.64,55,26,5.46
395,Amapa,BR,2022-09-16 04:00:59,1.0,-52.0,69.51,99,97,1.7
396,Primalkinskoye,RU,2022-09-16 04:00:59,43.7467,44.0083,62.76,59,100,3.11
397,Muros,ES,2022-09-16 04:01:00,42.7762,-9.0603,68.09,90,9,6.91
398,Dongning,CN,2022-09-16 04:01:00,44.0622,131.1207,55.78,98,100,4.38
399,Wembley,AU,2022-09-16 04:01:00,-31.9333,115.8,68.02,66,75,10.36
400,Vanino,RU,2022-09-16 04:01:02,49.0869,140.2543,60.53,54,26,8.3
401,Faanui,PF,2022-09-16 04:01:03,-16.4833,-151.75,77.94,74,43,23.96
402,Champerico,GT,2022-09-16 04:01:03,14.3,-91.9167,78.3,85,100,8.79
403,Eureka,US,2022-09-16 03:57:04,40.8021,-124.1637,59.67,87,7,3.76
404,Mikuni,JP,2022-09-16 04:01:05,36.2171,136.1519,80.51,73,21,4.81
405,Auki,SB,2022-09-16 04:01:05,-8.7676,160.7034,85.46,57,0,5.35
406,Eyl,SO,2022-09-16 04:01:06,7.9803,49.8164,79.66,64,10,23.69
407,Dharchula,IN,2022-09-16 04:01:07,29.85,80.5333,71.73,88,100,3.06
408,Haines Junction,CA,2022-09-16 04:02:07,60.7522,-137.5108,40.75,90,41,5.21
409,Mehamn,NO,2022-09-16 04:02:08,71.0357,27.8492,46.35,93,75,14.97
410,Sur,OM,2022-09-16 03:59:44,22.5667,59.5289,89.74,53,83,8.1
411,Slave Lake,CA,2022-09-16 04:00:49,55.2834,-114.769,53.4,93,91,4.25
412,Coquimbo,CL,2022-09-16 04:02:09,-29.9533,-71.3436,55.63,89,100,2.13
413,Rabo De Peixe,PT,2022-09-16 04:02:09,37.8,-25.5833,75.27,88,75,12.66
414,Rundu,NA,2022-09-16 04:02:10,-17.9333,19.7667,57.72,36,0,5.84
415,Lida,BY,2022-09-16 04:02:10,53.8833,25.2997,46.6,94,12,9.31
416,Ndele,CF,2022-09-16 04:00:39,8.4109,20.6473,68.77,99,100,3.24
417,Awjilah,LY,2022-09-16 04:02:11,29.1081,21.2869,72.9,53,0,5.88
418,Krishnarajasagara,IN,2022-09-16 04:02:11,12.4089,76.5797,75.13,88,40,9.22
419,Hun,LY,2022-09-16 04:02:12,29.1268,15.9477,73.29,43,0,7.52
420,Bogotol,RU,2022-09-16 04:02:13,56.2078,89.5342,49.59,55,42,5.41
421,Itupiranga,BR,2022-09-16 04:02:14,-5.1347,-49.3267,79.65,53,65,5.1
422,Gamba,GA,2022-09-16 04:02:15,-2.65,10.0,73.71,85,100,9.06
423,Pevek,RU,2022-09-16 04:02:16,69.7008,170.3133,36.73,84,78,5.5
424,Tutoia,BR,2022-09-16 04:02:16,-2.7619,-42.2744,78.4,76,33,13.53
425,Kovdor,RU,2022-09-16 04:02:17,67.5662,30.4758,45.81,97,100,9.08
426,Ambilobe,MG,2022-09-16 04:02:18,-13.2,49.05,71.64,52,3,4.85
427,Noyabrsk,RU,2022-09-16 04:02:19,63.1994,75.4507,52.84,67,100,12.66
428,Udomlya,RU,2022-09-16 04:02:20,57.8794,34.9925,50.92,95,100,7.61
429,Kulhudhuffushi,MV,2022-09-16 04:02:20,6.6221,73.07,80.51,72,10,4.83
430,Sukhoy Log,RU,2022-09-16 04:02:21,56.9094,62.0296,53.51,42,100,11.34
431,Staunton,US,2022-09-16 03:57:23,38.1496,-79.0717,61.52,75,0,0.0
432,Phan Thiet,VN,2022-09-16 04:02:22,10.9333,108.1,86.94,62,96,11.79
433,Komsomolskiy,UZ,2022-09-16 04:02:23,40.4272,71.7189,74.12,33,2,6.91
434,Anisoc,GQ,2022-09-16 04:02:24,1.8658,10.7689,69.19,99,100,1.32
435,Sembe,CG,2022-09-16 04:02:25,1.6481,14.5806,69.17,99,100,2.68
436,Susangerd,IR,2022-09-16 04:02:27,31.5608,48.1831,85.06,20,0,10.74
437,Tateyama,JP,2022-09-16 04:02:27,34.9833,139.8667,79.56,60,52,11.79
438,Nuevo Progreso,MX,2022-09-16 04:02:29,23.1667,-97.95,76.53,76,89,5.46
439,Bathsheba,BB,2022-09-16 04:02:30,13.2167,-59.5167,81.43,79,83,1.5
440,Grindavik,IS,2022-09-16 04:02:30,63.8424,-22.4338,41.47,93,0,4.61
441,Osa,RU,2022-09-16 04:02:31,57.2829,55.4567,56.01,48,100,10.11
442,Nizhneangarsk,RU,2022-09-16 04:02:31,55.7833,109.55,52.99,52,50,9.24
443,Humberto De Campos,BR,2022-09-16 04:02:31,-2.5983,-43.4611,76.44,83,54,6.91
444,Xiaoweizhai,CN,2022-09-16 04:02:32,26.1903,107.5125,78.39,76,79,3.27
445,Katobu,ID,2022-09-16 04:02:32,-4.9408,122.5276,90.1,46,96,4.72
446,Xingcheng,CN,2022-09-16 04:02:33,40.6167,120.7167,68.18,79,100,24.14
447,Ilulissat,GL,2022-09-16 04:02:33,69.2167,-51.1,39.22,100,75,0.0
448,Mackay,AU,2022-09-16 04:02:34,-21.15,149.2,86.68,71,0,12.73
449,Camopi,GF,2022-09-16 04:02:34,3.1655,-52.3158,70.11,98,66,1.68
450,Ixtapa,MX,2022-09-16 04:02:35,20.7,-105.2,82.22,100,100,9.22
451,Gambela,ET,2022-09-16 04:02:36,8.25,34.5833,70.3,95,98,1.99
452,San Pedro,PH,2022-09-16 04:02:36,14.35,121.0167,88.32,64,74,11.54
453,Mananjary,MG,2022-09-16 04:02:38,-21.2167,48.3333,65.5,86,32,3.62
454,Kaniama,CD,2022-09-16 04:03:40,-7.5667,24.1833,68.2,79,40,2.55
455,Herat,AF,2022-09-16 03:59:55,34.5,62.0,74.71,14,1,9.73
456,Atambua,ID,2022-09-16 04:03:41,-9.1061,124.8925,85.37,51,99,2.21
457,Kloulklubed,PW,2022-09-16 04:03:43,7.0419,134.2556,85.06,69,100,11.63
458,Sinazongwe,ZM,2022-09-16 04:03:43,-17.2614,27.4618,66.65,61,0,5.91
459,Verkh-Usugli,RU,2022-09-16 04:03:44,52.7,115.1667,45.79,80,100,7.31
460,Assiniboia,CA,2022-09-16 04:03:46,49.6334,-105.9845,56.16,69,92,10.11
461,Bud,US,2022-09-16 04:03:46,39.447,-86.1758,67.14,95,11,4.25
462,Plouzane,FR,2022-09-16 04:03:47,48.3833,-4.6167,55.45,85,0,10.36
463,Gat,IL,2022-09-16 04:03:47,31.61,34.7642,73.4,100,0,4.12
464,Deputatskiy,RU,2022-09-16 04:03:48,69.3,139.9,32.29,76,68,3.71
465,Catuday,PH,2022-09-16 04:03:50,16.2923,119.8062,82.56,68,17,8.52
466,Norman Wells,CA,2022-09-16 04:03:51,65.282,-126.8329,48.18,96,100,2.75
467,Tecolutla,MX,2022-09-16 04:03:52,20.4833,-97.0167,76.01,81,98,5.61
468,Blora,ID,2022-09-16 04:03:53,-6.9698,111.4186,89.11,49,100,5.5
469,Ushtobe,KZ,2022-09-16 04:03:54,45.2514,77.9838,58.57,27,46,15.37
470,Fayaoue,NC,2022-09-16 04:03:55,-20.65,166.5333,72.81,67,96,13.91
471,Fougamou,GA,2022-09-16 04:03:55,-1.2154,10.5838,73.44,87,100,2.01
472,Derzhavinsk,KZ,2022-09-16 04:03:56,51.1,66.3167,55.9,35,99,18.59
473,Port Moresby,PG,2022-09-16 04:03:57,-9.4431,147.1797,84.02,72,34,11.59
474,Moose Factory,CA,2022-09-16 04:03:58,51.2585,-80.6094,44.67,73,95,2.89
475,Champasak,LA,2022-09-16 04:03:58,14.75,106.0,80.87,85,100,1.59
476,Linqiong,CN,2022-09-16 04:03:59,30.4159,103.4609,69.91,88,100,3.96
477,Russell,US,2022-09-16 03:59:37,32.3502,-85.1999,70.2,68,0,4.99
478,Pujehun,SL,2022-09-16 04:04:00,7.3581,-11.7208,72.77,98,100,2.51
479,Northam,GB,2022-09-16 04:04:01,51.0333,-4.2167,57.61,78,77,9.46
480,Prince Rupert,CA,2022-09-16 04:04:03,54.3161,-130.3201,51.26,90,100,0.83
481,La Ronge,CA,2022-09-16 04:00:39,55.1001,-105.2842,53.82,68,82,7.07
482,Fortuna,US,2022-09-16 04:01:57,40.5982,-124.1573,58.93,86,4,1.01
483,Finschhafen,PG,2022-09-16 04:04:05,-6.6024,147.8681,79.21,86,92,6.67
484,Karakulino,RU,2022-09-16 04:04:06,56.012,53.7067,54.34,53,100,2.19
485,Salinopolis,BR,2022-09-16 04:04:07,-0.6136,-47.3561,79.23,80,91,10.13
486,Trinidad,BO,2022-09-16 04:04:07,-14.8333,-64.9,59.88,70,96,4.0
487,Agua Verde,MX,2022-09-16 04:04:08,22.9,-106.05,82.49,83,73,6.58
488,Khalkhal,IR,2022-09-16 04:04:08,37.6189,48.5258,58.39,65,0,1.12
489,Belmonte,BR,2022-09-16 04:04:09,-15.8631,-38.8828,71.92,88,14,5.64
490,Harper,LR,2022-09-16 04:04:10,4.375,-7.7169,76.37,86,100,9.44
491,Necochea,AR,2022-09-16 04:04:10,-38.5473,-58.7368,52.72,58,41,18.25
492,Ust-Omchug,RU,2022-09-16 04:04:12,61.15,149.6333,46.18,43,94,7.23
493,Inongo,CD,2022-09-16 04:04:13,-1.95,18.2667,67.26,98,78,2.89
494,Magadan,RU,2022-09-16 04:04:14,59.5667,150.8,51.64,54,100,7.52
495,Henties Bay,NA,2022-09-16 04:04:14,-22.116,14.2845,58.3,90,99,3.15
496,Estepona,ES,2022-09-16 04:04:15,36.4276,-5.1459,68.58,75,0,6.35
497,Houma,US,2022-09-16 04:02:40,29.5958,-90.7195,75.99,86,0,0.0
498,Ulladulla,AU,2022-09-16 04:04:17,-35.35,150.4667,70.7,39,3,12.71
499,Tullow,IE,2022-09-16 04:04:20,52.8003,-6.7369,47.21,96,10,5.28
500,Sisimiut,GL,2022-09-16 04:04:21,66.9395,-53.6735,44.67,88,100,5.41
501,Samarai,PG,2022-09-16 04:05:21,-10.6167,150.6667,81.3,83,51,13.38
502,Khandyga,RU,2022-09-16 04:05:22,62.6667,135.6,37.29,79,84,5.12
503,Arman,RU,2022-09-16 04:05:23,59.7,150.1667,53.76,47,96,5.01
504,Thyboron,DK,2022-09-16 04:05:25,56.6985,8.2124,55.15,90,100,27.76
505,Takoradi,GH,2022-09-16 04:05:26,4.8845,-1.7554,74.32,93,100,7.05
506,Stykkisholmur,IS,2022-09-16 04:05:27,65.0757,-22.7297,45.05,77,100,7.4
507,Ozark,US,2022-09-16 04:05:27,37.0209,-93.206,70.21,83,82,5.88
508,Manokwari,ID,2022-09-16 04:05:28,-0.8667,134.0833,83.19,68,75,6.24
509,Keti Bandar,PK,2022-09-16 04:05:28,24.1447,67.4497,82.63,73,100,19.13
510,Fukue,JP,2022-09-16 04:05:28,32.6881,128.8419,81.63,73,12,6.89
511,Haftoni,AZ,2022-09-16 04:05:29,38.7632,48.7622,71.26,72,20,1.14
512,Carutapera,BR,2022-09-16 04:05:30,-1.195,-46.02,77.36,83,99,6.49
513,Palatka,US,2022-09-16 04:05:30,29.6486,-81.6376,80.02,96,97,3.71
514,Baykit,RU,2022-09-16 04:05:31,61.67,96.37,46.49,83,100,8.12
515,Wajid,SO,2022-09-16 04:05:33,3.8093,43.2471,71.53,79,65,19.6
516,Topolobampo,MX,2022-09-16 04:05:34,25.6,-109.05,83.71,69,5,7.96
517,Kuching,MY,2022-09-16 04:05:34,1.55,110.3333,86.22,74,40,3.44
518,Mogadishu,SO,2022-09-16 04:05:35,2.0371,45.3438,76.93,80,99,15.39
519,Port Hedland,AU,2022-09-16 04:05:37,-20.3167,118.5667,87.85,11,0,10.36
520,Coihaique,CL,2022-09-16 04:05:37,-45.5752,-72.0662,36.21,98,90,5.66
521,Karratha,AU,2022-09-16 04:05:38,-20.7377,116.8463,85.23,20,0,13.38
522,Tura,IN,2022-09-16 04:05:38,25.5198,90.2201,73.24,98,100,5.75
523,Maarianhamina,AX,2022-09-16 04:05:39,60.0973,19.9348,46.26,100,93,1.14
524,Tuatapere,NZ,2022-09-16 04:05:39,-46.1333,167.6833,48.04,61,91,3.94
525,Ajdabiya,LY,2022-09-16 04:05:40,30.7554,20.2263,71.83,54,0,6.24
526,Niamey,NE,2022-09-16 04:05:40,13.5137,2.1098,78.75,70,100,10.0
527,Banjar,ID,2022-09-16 04:05:40,-8.19,114.9675,89.38,52,99,1.32
528,Biak,ID,2022-09-16 04:05:41,-0.9131,122.8766,81.93,70,90,6.44
529,Bulgan,MN,2022-09-16 04:05:41,48.8125,103.5347,37.45,97,100,8.16
530,Inirida,CO,2022-09-16 04:05:42,3.8653,-67.9239,74.43,93,73,2.77
